Product Code,Description,Inactive,Sales Price,Quantity In Stock,Free Stock
SHLWT50T,SHL Wish Come True EDP 50ml - TESTER,,0.0,5.0,0.0
SHLSNAVI50T,SHL Snake Collection Venom Incarnat EDP 50ml - TESTER,,0.0,320.0,303.0
SHLSNASD50T,SHL Snake Collection Sand Dance EDP 50ml - TESTER,,0.0,219.0,202.0
SHLSNARN50T,SHL Snake Collection Ruby Naga EDP 50ml TESTER,,0.0,37.0,37.0
SHLSNAPB50T,SHL Snake Collection Pink Boa EDP 50ml - TESTER,,0.0,115.0,115.0
SHLSNAMS50T,SHL Snake Collection Mortal Skin 50ml - TESTER,,0.0,232.0,213.0
SHLSNALWS50T,SHL Snake Collection Lady White Snake EDP 50ml - TESTER,,0.0,47.0,32.0
SHLSNAGF50T,SHL Snake Collection God of Fire EDP 50ml - TESTER,,0.0,29.0,8.0
SHLSNACOE50T,SHL Snake Collection Crying Of Evil EDP 50ml - TESTER,,0.0,65.0,42.0
SHLMS50T,SHL Mortal Skin EDP 50ml - TESTER,,0.0,0.0,0.0
SHLLU50TSB,SHL Lufu EDP 50ml - TESTER - Without Cap,,0.0,82.0,32.0
SHLHR50T,SHL Harrods 50ml - TESTER,,0.0,20.0,20.0
SHL888SJ100TQ,SHL Soleil de Jeddah EDP 100ml TESTER QUARANTINE,,0.0,0.0,0.0
SHL777TS100T,SHL Un Tango en Siberia EDP - 100ml TESTER,,0.0,0.0,0.0
SHL777TK50TSB,SHL Taklamakan EDP 50ml - TESTER - Without Cap,,0.0,0.0,0.0
SHL777TK50T,SHL Taklamakan EDP 50ml TESTER,,0.0,77.0,57.0
SHL777SJOR50T,SHL Soleil de Jeddah L'Original EDP 50ml - TESTER,,0.0,0.0,0.0
SHL777SJOR100T,SHL Soleil de Jeddah L'Original EDP 100ml - TESTER,,0.0,0.0,0.0
SHL777SJMK50T,SHL Soleil de Jeddah Mango Kiss EDP 50ml - TESTER,,0.0,193.0,174.0
SHL777SJMK100T,SHL Soleil de Jeddah Mango Kiss EDP 100ml - TESTER,,0.0,0.0,0.0
SHL777SJAG50T,SHL Soleil de Jeddah Afterglow EDP 50ml - TESTER,,0.0,130.0,111.0
SHL777SJAG100T,SHL Soleil de Jeddah Afterglow EDP 100ml - TESTER,,0.0,0.0,0.0
SHL777SJ50TQ,SHL Soleil de Jeddah EDP 50ml Tester QUARANTINE,,0.0,16.0,16.0
SHL777SJ50T,SHL Soleil De Jeddah EDP 50ml - TESTER,,0.0,283.0,267.0
SHL777SJ100TSB,SHL Soleil de Jeddah 100ml - TESTER - Without Cap,,0.0,0.0,0.0
SHL777SJ100TQ,SHL Soleil de Jeddah EDP 100ml TESTER QUARANTINE,,0.0,9.0,9.0
SHL777SJ100T,SHL Soleil de Jeddah EDP 100ml - TESTER,,0.0,381.0,358.0
SHL777RP50T,SHL Rose De Petra EDP 50ml TESTER,,0.0,48.0,32.0
SHL777QC50T,SHL QOM Chilom EDP 50ml - TESTER,,0.0,0.0,0.0
SHL777PAIR50TSB,SHL Panthea Iris EDP 50ml - TESTER - Without Cap,,0.0,13.0,13.0
SHL777PAIR50T,SHL Panthea Iris EDP 50ml - TESTER,,0.0,100.0,76.0
SHL777PAIR100T,SHL Panthea Iris 100ml - TESTER,,0.0,0.0,0.0
SHL777PA50T,SHL Panthea EDP 50ml - TESTER,,0.0,169.0,150.0
SHL777OU50T,SHL Oumma EDP 50ml - TESTER - New,,0.0,72.0,64.0
SHL777ND50T,SHL Une Nuit a Doha EDP 50ml - TESTER,,0.0,37.0,20.0
SHL777KB50T,SHL Khol De Bahrein EDP 50ml TESTER,,0.0,52.0,34.0
SHL777IM50TSB,SHL Isra & Miraj EDP 50ml - TESTER - Without Cap,,0.0,0.0,0.0
SHL777IM50T,SHL Isra & Miraj EDP 50ml - TESTER,,0.0,172.0,160.0
SHL777IM100TSB,SHL Isra & Miraj EDP 100ml - TESTER - WithoutCap,,0.0,0.0,0.0
SHL777IM100T,SHL Isra & Miraj EDP 100ml - TESTER,,0.0,5.0,0.0
SHL777HI50TSB/3,SHL O Hira 50ml - TESTER - Without Top - Ancient Falcon,,0.0,0.0,0.0
SHL777HI50T,SHL O Hira EDP 50ml - TESTER,,0.0,44.0,23.0
SHL777GB50T,SHL 2022 Generation Black EDP 50ml - TESTER,,0.0,35.0,16.0
SHL777BG50T,SHL Black Gemstone EDP 50ml - TESTER,,0.0,132.0,113.0
SHL7770750T,oud 777 50ml tester,,0.0,0.0,0.0
SHLWT50,SHL WISH COME TRUE EDP 50ml,,0.0,78.0,10.0
SHLSNAVI50,SHL snake Collection VENOM INCARNAT EDP 50ml,,0.0,1115.0,950.0
SHLSNASD50,SHL Snake Collection SAND DANCE EDP 50ml,,0.0,1040.0,862.0
SHLSNARN50,SHL Snake Collection RUBY NAGA EDP 50ml,,0.0,279.0,279.0
SHLSNAPB50,SHL Snake Collection PINK BOA EDP 50ml,,0.0,349.0,349.0
SHLSNAPB50,SHL Snake Collection PINK BOA EDP 50ml,,0.0,349.0,349.0
SHLSNAMS50,SHL Snake Collection MORTAL SKIN EDP 50ml,,0.0,1416.0,1263.0
SHLSNALWS50,SHL Snake Collection LADY WHITE SNAKE EDP 50ml,,0.0,379.0,249.0
SHLSNACOE50,SHL Snake Collection CRYING OF EVIL EDP 50ml,,0.0,553.0,429.0
SHLLU50,SHL LUFU EDP 50ml,,0.0,0.0,0.0
SHLHAR50,SHL HARRODS 50ml,,0.0,130.0,130.0
SHL777TK50,SHL TAKLAMAKAN EDP 50ml,,0.0,410.0,299.0
SHL777SJOR50,SHL SOLEIL DE JEDDAH L'ORIGINAL EDP 50ml,,0.0,0.0,0.0
SHL777SJMK50,SHL SOLEIL DE JEDDAH MANGO KISS EDP 50ml,,0.0,744.0,627.0
SHL777SJAG50,SHL SOLEIL DE JEDDAH AFTERGLOW EDP 50ml,,0.0,883.0,826.0
SHL777SJ50Q,SHL Soleil de Jeddah EDP 50ml QUARANTINE,,0.0,150.0,150.0
SHL777SJ50,SHL SOLEIL DE JEDDAH EDP 50ml - NEW,,0.0,1516.0,1443.0
SHL777RP50,SHL ROSE DE PETRA EDP 50ml,,0.0,210.0,123.0
SHL777QC50,SHL QOM CHILOM Parfun Haute Concentration 50ml,,0.0,5.0,5.0
SHL777PAIR50,SHL PANTHEA IRIS EDP 50ml,,0.0,487.0,354.0
SHLSNALWS50,SHL Snake Collection LADY WHITE SNAKE EDP 50ml,,0.0,379.0,249.0
SHLSNAGF50,SHL Snake Collection GOD OF FIRE EDP 50ml,,0.0,155.0,0.0
SHL777PA50,SHL PANTHEA EDP 50ml,,0.0,502.0,339.0
SHL777OU50,SHL OUMMA EDP 50ml - NEW,,0.0,317.0,281.0
SHL777O750,SHL OUD 777 Parfum Haute Concentration 50ml,,0.0,0.0,0.0
SHL777ND50,SHL UNE NUIT A DOHA EDP 50ml,,0.0,318.0,162.0
SHL777KB50,SHL KHOL DE BAHREIN EDP 50ml,,0.0,328.0,226.0
SHL777IM50,SHL ISRA & MIRAJ EDP 50ml,,0.0,943.0,878.0
SHL777HI50/6,SHL O HIRA 50ml - Ancient Falcon,,0.0,0.0,0.0
SHL777HI50/5,SHL O HIRA 50ML AN F,,0.0,0.0,0.0
SHL777HI50,SHL O HIRA EDP 50ml - NEW,,0.0,285.0,158.0
SHL777GW50,"SHL 2022 Generation Woman, Parfum Haute Concentration 50ml",,0.0,0.0,0.0
SHL777GB50,SHL 2022 GENERATION BLACK EDP 50ml,,0.0,148.0,19.0
SHL777BG50SFSCE,SHL Black Gemstone 50ml - Without Sleeve,,0.0,0.0,0.0
SHL777BG50/6,SHL BLACK GEMSTONE 50ML,,0.0,0.0,0.0
SHL777BG50,SHL BLACK GEMSTONE 50ml - NEW,,0.0,964.0,786.0
SHLWT07U,SHL Wish Come True EDP - 7ml Unboxed,,0.0,0.0,0.0
SHLSNAVI7MLU,SHL Venom Incarnat EDP 7ml Unboxed,,0.0,0.0,0.0
SHLSNAVI7ML,SHL Venom Incarnat EDP 7ml,,0.0,166.0,161.0
SHLSNASD7MLU,SHL Sand Dance EDP 7ml Unboxed,,0.0,0.0,0.0
SHLSNASD7ML,SHL Sand Dance EDP 7ml,,0.0,146.0,141.0
SHLSNARN7ML,Ruby Naga 7ml,,0.0,116.0,116.0
SHLSNAPB7MLU,SHL Snake Collection Pink Boa EDP 7ml Unboxed,,0.0,0.0,0.0
SHLSNAPB7ML,SHL Snake Collection Pink Boa EDP 7ml,,0.0,129.0,129.0
SHLSNAMS7MLU,SHL Mortal Skin EDP 7ml Unboxed,,0.0,0.0,0.0
SHLSNAMS7ML,SHL Mortal Skin EDP 7ml,,0.0,185.0,180.0
SHLSNALWS7MLU,SHL Lady White Snake EDP 7ml Unboxed,,0.0,0.0,0.0
SHLSNALWS7ML,SHL Lady White Snake EDP 7ml,,0.0,149.0,139.0
SHLSNAGF7MLU,SHL God of Fire EDP 7ml Unboxed,,0.0,0.0,0.0
SHLSNAGF7ML,SHL God of Fire 7ml,,0.0,4.0,0.0
SHLSNACOE7MLU,SHL Crying of Evil EDP 7ml Unboxed,,0.0,0.0,0.0
SHLSNACOE7ML,SHL Crying of Evil EDP 7ml,,0.0,196.0,191.0
SHLHR7ML,Harrods Black Mamba 7ml,,0.0,118.0,118.0
SHL777TK07U,SHL Taklamakan EDP 7ml Unboxed,,0.0,0.0,0.0
SHL777TK07,SHL Taklamakan - Perfume Haute Concentration 7ml,,0.0,109.0,104.0
SHL777SJMK7U,SHL Soleil De Jeddah Mango Kiss 7ml Unboxed,,0.0,0.0,0.0
SHL777SJMK7,SHL Soleil De Jeddah Mango Kiss EDP 7ml,,0.0,191.0,186.0
SHL777SJAG7U,SHL Soleil De Jeddah Afterglow 7ml Unboxed,,0.0,0.0,0.0
SHL777SJAG7,SHL Soleil De Jeddah Afterglow EDP 7ml,,0.0,276.0,271.0
SHL777SJ07U,SHL Soleil de Jeddah EDP 7ml Unboxed,,0.0,0.0,0.0
SHL777SJ07,SHL Soleil de Jeddah 7ml,,0.0,173.0,168.0
SHL777RP07U,SHL Rose de Petra EDP 7ml Unboxed,,0.0,0.0,0.0
SHL777RP07,SHL Rose de Petra EDP 7ml,,0.0,0.0,0.0
SHL777QC07E,SHL QOM Chilom 7ml - Sample,,0.0,2.0,2.0
SHL777QC07,SHL QOM Chilom 7ml,,0.0,1.0,1.0
SHL777PAIR07U,SHL Panthea Iris EDP 7ml Unboxed,,0.0,0.0,0.0
SHL777PAIR07,SHL Panthea Iris EDP 7ml,,0.0,122.0,117.0
SHLSNALWS7MLU,SHL Lady White Snake EDP 7ml Unboxed,,0.0,0.0,0.0
SHL777PA07U,SHL Panthea EDP 7ml - Unboxed,,0.0,0.0,0.0
SHL777PA07,SHL Panthea EDP 7ml,,0.0,14.0,14.0
SHL777OU07U,SHL Oumma EDP 7ml Unboxed,,0.0,0.0,0.0
SHL777OU07,SHL Oumma EDP 7ml,,0.0,100.0,95.0
SHL777O707E,SHL OUD 777 7ml,,0.0,2.0,2.0
SHL777O707,SHL OUD 777 - Parfum Haute Concentration 7ml,,0.0,1.0,1.0
SHL777ND07U,SHL Une Nuit a Doha EDP 7ml Unboxed,,0.0,0.0,0.0
SHL777ND07,SHL Nuit a Doha EDP 7ml,,0.0,26.0,21.0
SHL777KB07U,SHL Khol de Bahrein EDP 7ml Unboxed,,0.0,26.0,26.0
SHL777KB07,SHL Khol de Bahrein EDP 7ml,,0.0,0.0,0.0
SHL777IM07U,SHL Isra & Miraj EDP 7ml Unboxed,,0.0,0.0,0.0
SHL777IM07,SHL Isra & Miraj 7ml,,0.0,86.0,81.0
SHL777HI07U,SHL O'Hira EDP 7ml Unboxed,,0.0,0.0,0.0
SHL777HI07,SHL O'Hira EDP 7ml,,0.0,100.0,95.0
SHL777GW07E,SHL 2022 Generation Woman - 7ml,,0.0,2.0,2.0
SHL777GW07,SHL 2022 Generation Woman - Parfum Haute Concentration 7ml,,0.0,1.0,1.0
SHL777GBO7U,SHL 2022 Generation Black EDP 7ml Unboxed,,0.0,0.0,0.0
SHL777GB07,SHL 2022 Generation Black EDP 7ml,,0.0,69.0,64.0
SHL777BG07U,SHL Black Gemstone EDP 7ml Unboxed,,0.0,0.0,0.0
SHL777BG07,SHL Black Gemstone EDP 7ml,,0.0,89.0,84.0
SHLWT2ML,SHL Wish Come True 2ml Sample,,0.0,0.0,0.0
SHLSNAVI2ML,SHL Snake Collection Venom Incarnat EDP 2ml,,0.0,1779.0,1748.0
SHLSNASD2ML,SHL Snake Collection Sand Dance EDP 2ml,,0.0,1631.0,1600.0
SHLSNARN2ML,SHL Snake Collection Ruby Naga EDP 2ml,,0.0,0.0,0.0
SHLSNAMS2ML,SHL Snake Collection Mortal Skin 2ml,,0.0,2007.0,1976.0
SHLSNALWS2ML,SHL Snake Collection Lady White Snake EDP 2ml,,0.0,1705.0,1674.0
SHLSNAGF2ML,SHL Snake Collection God of Fire EDP 2ml,,0.0,1044.0,913.0
SHLSNAGF2ML,SHL Snake Collection God of Fire EDP 2ml,,0.0,1044.0,913.0
SHLSNACOE2ML,SHL Snake Collection Crying Of Evil EDP 2ml,,0.0,1557.0,1426.0
SHLSACSHL,Shopping Sac SHL,,0.0,1195.0,1065.0
SHLSACBLACKGOLD,SHL Shopping Bag,,0.0,0.0,0.0
SHLSAC-SHL,SHL Shopping Bag SHL,,0.0,12.0,12.0
SHLRIBBONWHITE,SHL Ribbon (50m Reels) White,,0.0,21.0,21.0
SHLRIBBON,SHL Ribbon (50m Reels) Black,,0.0,37.0,37.0
SHLMS2ML,SHL Mortal Skin EDP 2ml,,0.0,0.0,0.0
SHLLU2ML,SHL Lufu EDP 2ml - Sample,,0.0,388.0,388.0
SHLHR2ML,SHL Harrods Black Mamba EDP 2ml,,0.0,399.0,399.0
SHL777TK2ML,SHL Taklamakan EDP 2ml - Sample,,0.0,486.0,405.0
SHL777SJMK2MLU,SHL Soleil De Jeddah Mango Kiss EDP 2ml - Sample UNBOXED,,0.0,0.0,0.0
SHL777SJMK2ML,SHL Soleil De Jeddah Mango Kiss EDP 2ml - Sample - Boxed,,0.0,1351.0,1180.0
SHL777SJAG2ML,SHL Sloeil De Jeddah Afterglow EDP 2ml - Sample,,0.0,1602.0,1431.0
SHL777SJ2MLQ,SHL Soleil de Jeddah EDP 2ml - Sample QUARANTINE,,0.0,2300.0,2300.0
SHL777SJ2MLNEW,SHL Soleil De Jeddah EDP 2ml - NEW,,0.0,197.0,197.0
SHL777SJ2ML,SHL Soleil de Jeddah EDP 2ml - Sample,,0.0,3622.0,3521.0
SHL777RP2ML,SHL Rose De Petra EDP 2ml - Sample,,0.0,631.0,550.0
SHL777PAIR2ML,SHL Panthea Iris EDP 2ml - Sample,,0.0,178.0,97.0
SHL777PA2MLNEW,SHL Panthea EDP 2ml - Sample NEW,,0.0,688.0,608.0
SHL777PA2ML,SHL Panthea EDP 2ml - Sample,,0.0,47.0,46.0
SHL777OU2ML,SHL Oumma EDP 2ml - Sample,,0.0,252.0,161.0
SHL777ND2ML,SHL Une Nuit a Doha EDP 2ml - Sample,,0.0,911.0,830.0
SHL777KB2ML,SHL Khol De Bahrein EDP 2ml - Sample,,0.0,673.0,592.0
SHL777IM2ML,SHL Isra & Miraj EDP 2ml - Sample,,0.0,2153.0,2062.0
SHL777HI2ML,SHL O Hira EDP 2ml - Sample,,0.0,646.0,555.0
SHL777GB2ML,SHL 2022 Generation Black EDP 2ml - Sample,,0.0,134.0,43.0
SHL777BG2ML,SHL Black Gemstone EDP 2ml - Sample,,0.0,336.0,245.0
SHLTISSUEWHITE,SHL Tissue (Packs of 50 Sheets) - White Snake Collection,,0.0,69.0,69.0
SHLTISSUE,SHL Tissue (Packs of 50 Sheets),,0.0,28.0,28.0
SHLSNAMOU,SHL Snake Smelling Strips (100),,0.0,1606.0,1585.0
SHLSACWHITE,SHL Shopping Bag Snake - White,,0.0,2797.0,2567.0
SHLMOUWHGOLD,SHL Blotters x 100,,0.0,1138.0,1118.0
SHLMOU-MS,SHL Mouillette - Mortal Skin,,0.0,19.0,19.0
SHLMOU-MS,SHL Mouillette - Mortal Skin,,0.0,19.0,19.0
SHLMA2ML,SHL Manteuse 2ml - Sample,,0.0,11.0,11.0
SHLGIANTCAPOR,SHL Giant Gold Cap,,0.0,152.0,152.0
SHLDISPLAYSJ,SHL Display Soleil de Jeddah Series,,0.0,40.0,35.0
SHL777SAC-777,SHL Sac 777,,0.0,1.0,1.0
SHLCAPOR,SHL Gold Cap,,0.0,0.0,0.0
SHL777COFGF,SHL Coffret Decouvert,,0.0,38.0,38.0
SHL777TS100,SHL UN TANGO EN SIBERIE EDP 100ml,,0.0,0.0,0.0
SHL777SJOR100,SHL SOLEIL DE JEDDAH L'ORIGINAL EDP 100ml,,0.0,0.0,0.0
SHL777SJMK100,SHL SOLEIL DE JEDDAH MANGO KISS EDP 100ml,,0.0,0.0,0.0
SHL777SJAG100,SHL SOLIEL DE JEDDAH AFTERGLOW EDP 100ml,,0.0,0.0,0.0
SHL777SJ100Q,SHL Soleil de Jeddah EDP 100ml QUARANTINE,,0.0,36.0,36.0
SHL777SJ100,SHL SOLEIL DE JEDDAH EDP 100ml,,0.0,593.0,466.0
SHL777PAIR100,SHL Panthea Iris 100ml,,0.0,51.0,51.0
SHL777IM100,SHL ISRA & MIRAJ EDP 100ml,,0.0,65.0,40.0
