Product Code,Description,Inactive,Sales Price,Quantity In Stock,Free Stock
SHL777TS100,SHL UN TANGO EN SIBERIE EDP 100ml,,0.0,0.0,0.0
SHL777SJOR100,SHL SOLEIL DE JEDDAH L'ORIGINAL EDP 100ml,,0.0,0.0,0.0
SHL777SJMK100,SHL SOLEIL DE JEDDAH MANGO KISS EDP 100ml,,0.0,0.0,0.0
SHL777SJAG100,SHL SOLIEL DE JEDDAH AFTERGLOW EDP 100ml,,0.0,0.0,0.0
SHL777SJ100Q,SHL Soleil de Jeddah EDP 100ml QUARANTINE,,0.0,36.0,36.0
SHL777SJ100,SHL SOLEIL DE JEDDAH EDP 100ml,,0.0,593.0,466.0
SHL777PAIR100,SHL Panthea Iris 100ml,,0.0,51.0,51.0
SHL777IM100,SHL ISRA & MIRAJ EDP 100ml,,0.0,65.0,40.0
