Product Code,Description,Inactive,Sales Price,Quantity In Stock,Free Stock
SHLWT2ML,SHL Wish Come True 2ml Sample,,0.0,0.0,0.0
SHLSNAVI2ML,SHL Snake Collection Venom Incarnat EDP 2ml,,0.0,1779.0,1748.0
SHLSNASD2ML,SHL Snake Collection Sand Dance EDP 2ml,,0.0,1631.0,1600.0
SHLSNARN2ML,SHL Snake Collection Ruby Naga EDP 2ml,,0.0,0.0,0.0
SHLSNAMS2ML,SHL Snake Collection Mortal Skin 2ml,,0.0,2007.0,1976.0
SHLSNALWS2ML,SHL Snake Collection Lady White Snake EDP 2ml,,0.0,1705.0,1674.0
SHLSNAGF2ML,SHL Snake Collection God of Fire EDP 2ml,,0.0,1044.0,913.0
SHLSNAGF2ML,SHL Snake Collection God of Fire EDP 2ml,,0.0,1044.0,913.0
SHLSNACOE2ML,SHL Snake Collection Crying Of Evil EDP 2ml,,0.0,1557.0,1426.0
SHLSACSHL,Shopping Sac SHL,,0.0,1195.0,1065.0
SHLSACBLACKGOLD,SHL Shopping Bag,,0.0,0.0,0.0
SHLSAC-SHL,SHL Shopping Bag SHL,,0.0,12.0,12.0
SHLRIBBONWHITE,SHL Ribbon (50m Reels) White,,0.0,21.0,21.0
SHLRIBBON,SHL Ribbon (50m Reels) Black,,0.0,37.0,37.0
SHLMS2ML,SHL Mortal Skin EDP 2ml,,0.0,0.0,0.0
SHLLU2ML,SHL Lufu EDP 2ml - Sample,,0.0,388.0,388.0
SHLHR2ML,SHL Harrods Black Mamba EDP 2ml,,0.0,399.0,399.0
SHL777TK2ML,SHL Taklamakan EDP 2ml - Sample,,0.0,486.0,405.0
SHL777SJMK2MLU,SHL Soleil De Jeddah Mango Kiss EDP 2ml - Sample UNBOXED,,0.0,0.0,0.0
SHL777SJMK2ML,SHL Soleil De Jeddah Mango Kiss EDP 2ml - Sample - Boxed,,0.0,1351.0,1180.0
SHL777SJAG2ML,SHL Sloeil De Jeddah Afterglow EDP 2ml - Sample,,0.0,1602.0,1431.0
SHL777SJ2MLQ,SHL Soleil de Jeddah EDP 2ml - Sample QUARANTINE,,0.0,2300.0,2300.0
SHL777SJ2MLNEW,SHL Soleil De Jeddah EDP 2ml - NEW,,0.0,197.0,197.0
SHL777SJ2ML,SHL Soleil de Jeddah EDP 2ml - Sample,,0.0,3622.0,3521.0
SHL777RP2ML,SHL Rose De Petra EDP 2ml - Sample,,0.0,631.0,550.0
SHL777PAIR2ML,SHL Panthea Iris EDP 2ml - Sample,,0.0,178.0,97.0
SHL777PA2MLNEW,SHL Panthea EDP 2ml - Sample NEW,,0.0,688.0,608.0
SHL777PA2ML,SHL Panthea EDP 2ml - Sample,,0.0,47.0,46.0
SHL777OU2ML,SHL Oumma EDP 2ml - Sample,,0.0,252.0,161.0
SHL777ND2ML,SHL Une Nuit a Doha EDP 2ml - Sample,,0.0,911.0,830.0
SHL777KB2ML,SHL Khol De Bahrein EDP 2ml - Sample,,0.0,673.0,592.0
SHL777IM2ML,SHL Isra & Miraj EDP 2ml - Sample,,0.0,2153.0,2062.0
SHL777HI2ML,SHL O Hira EDP 2ml - Sample,,0.0,646.0,555.0
SHL777GB2ML,SHL 2022 Generation Black EDP 2ml - Sample,,0.0,134.0,43.0
SHL777BG2ML,SHL Black Gemstone EDP 2ml - Sample,,0.0,336.0,245.0
