Product Code,Description,Inactive,Sales Price,Quantity In Stock,Free Stock
SHLWT50,SHL WISH COME TRUE EDP 50ml,,0.0,78.0,10.0
SHLSNAVI50,SHL snake Collection VENOM INCARNAT EDP 50ml,,0.0,1115.0,950.0
SHLSNASD50,SHL Snake Collection SAND DANCE EDP 50ml,,0.0,1040.0,862.0
SHLSNARN50,SHL Snake Collection RUBY NAGA EDP 50ml,,0.0,279.0,279.0
SHLSNAPB50,SHL Snake Collection PINK BOA EDP 50ml,,0.0,349.0,349.0
SHLSNAPB50,SHL Snake Collection PINK BOA EDP 50ml,,0.0,349.0,349.0
SHLSNAMS50,SHL Snake Collection MORTAL SKIN EDP 50ml,,0.0,1416.0,1263.0
SHLSNALWS50,SHL Snake Collection LADY WHITE SNAKE EDP 50ml,,0.0,379.0,249.0
SHLSNACOE50,SHL Snake Collection CRYING OF EVIL EDP 50ml,,0.0,553.0,429.0
SHLLU50,SHL LUFU EDP 50ml,,0.0,0.0,0.0
SHLHAR50,SHL HARRODS 50ml,,0.0,130.0,130.0
SHL777TK50,SHL TAKLAMAKAN EDP 50ml,,0.0,410.0,299.0
SHL777SJOR50,SHL SOLEIL DE JEDDAH L'ORIGINAL EDP 50ml,,0.0,0.0,0.0
SHL777SJMK50,SHL SOLEIL DE JEDDAH MANGO KISS EDP 50ml,,0.0,744.0,627.0
SHL777SJAG50,SHL SOLEIL DE JEDDAH AFTERGLOW EDP 50ml,,0.0,883.0,826.0
SHL777SJ50Q,SHL Soleil de Jeddah EDP 50ml QUARANTINE,,0.0,150.0,150.0
SHL777SJ50,SHL SOLEIL DE JEDDAH EDP 50ml - NEW,,0.0,1516.0,1443.0
SHL777RP50,SHL ROSE DE PETRA EDP 50ml,,0.0,210.0,123.0
SHL777QC50,SHL QOM CHILOM Parfun Haute Concentration 50ml,,0.0,5.0,5.0
SHL777PAIR50,SHL PANTHEA IRIS EDP 50ml,,0.0,487.0,354.0
SHLSNALWS50,SHL Snake Collection LADY WHITE SNAKE EDP 50ml,,0.0,379.0,249.0
SHLSNAGF50,SHL Snake Collection GOD OF FIRE EDP 50ml,,0.0,155.0,0.0
SHL777PA50,SHL PANTHEA EDP 50ml,,0.0,502.0,339.0
SHL777OU50,SHL OUMMA EDP 50ml - NEW,,0.0,317.0,281.0
SHL777O750,SHL OUD 777 Parfum Haute Concentration 50ml,,0.0,0.0,0.0
SHL777ND50,SHL UNE NUIT A DOHA EDP 50ml,,0.0,318.0,162.0
SHL777KB50,SHL KHOL DE BAHREIN EDP 50ml,,0.0,328.0,226.0
SHL777IM50,SHL ISRA & MIRAJ EDP 50ml,,0.0,943.0,878.0
SHL777HI50/6,SHL O HIRA 50ml - Ancient Falcon,,0.0,0.0,0.0
SHL777HI50/5,SHL O HIRA 50ML AN F,,0.0,0.0,0.0
SHL777HI50,SHL O HIRA EDP 50ml - NEW,,0.0,285.0,158.0
SHL777GW50,"SHL 2022 Generation Woman, Parfum Haute Concentration 50ml",,0.0,0.0,0.0
SHL777GB50,SHL 2022 GENERATION BLACK EDP 50ml,,0.0,148.0,19.0
SHL777BG50SFSCE,SHL Black Gemstone 50ml - Without Sleeve,,0.0,0.0,0.0
SHL777BG50/6,SHL BLACK GEMSTONE 50ML,,0.0,0.0,0.0
SHL777BG50,SHL BLACK GEMSTONE 50ml - NEW,,0.0,964.0,786.0
