Product Code,Description,Inactive,Sales Price,Quantity In Stock,Free Stock
SHLWT07U,SHL Wish Come True EDP - 7ml Unboxed,,0.0,0.0,0.0
SHLSNAVI7MLU,SHL Venom Incarnat EDP 7ml Unboxed,,0.0,0.0,0.0
SHLSNAVI7ML,SHL Venom Incarnat EDP 7ml,,0.0,166.0,161.0
SHLSNASD7MLU,SHL Sand Dance EDP 7ml Unboxed,,0.0,0.0,0.0
SHLSNASD7ML,SHL Sand Dance EDP 7ml,,0.0,146.0,141.0
SHLSNARN7ML,Ruby Naga 7ml,,0.0,116.0,116.0
SHLSNAPB7MLU,SHL Snake Collection Pink Boa EDP 7ml Unboxed,,0.0,0.0,0.0
SHLSNAPB7ML,SHL Snake Collection Pink Boa EDP 7ml,,0.0,129.0,129.0
SHLSNAMS7MLU,SHL Mortal Skin EDP 7ml Unboxed,,0.0,0.0,0.0
SHLSNAMS7ML,SHL Mortal Skin EDP 7ml,,0.0,185.0,180.0
SHLSNALWS7MLU,SHL Lady White Snake EDP 7ml Unboxed,,0.0,0.0,0.0
SHLSNALWS7ML,SHL Lady White Snake EDP 7ml,,0.0,149.0,139.0
SHLSNAGF7MLU,SHL God of Fire EDP 7ml Unboxed,,0.0,0.0,0.0
SHLSNAGF7ML,SHL God of Fire 7ml,,0.0,4.0,0.0
SHLSNACOE7MLU,SHL Crying of Evil EDP 7ml Unboxed,,0.0,0.0,0.0
SHLSNACOE7ML,SHL Crying of Evil EDP 7ml,,0.0,196.0,191.0
SHLHR7ML,Harrods Black Mamba 7ml,,0.0,118.0,118.0
SHL777TK07U,SHL Taklamakan EDP 7ml Unboxed,,0.0,0.0,0.0
SHL777TK07,SHL Taklamakan - Perfume Haute Concentration 7ml,,0.0,109.0,104.0
SHL777SJMK7U,SHL Soleil De Jeddah Mango Kiss 7ml Unboxed,,0.0,0.0,0.0
SHL777SJMK7,SHL Soleil De Jeddah Mango Kiss EDP 7ml,,0.0,191.0,186.0
SHL777SJAG7U,SHL Soleil De Jeddah Afterglow 7ml Unboxed,,0.0,0.0,0.0
SHL777SJAG7,SHL Soleil De Jeddah Afterglow EDP 7ml,,0.0,276.0,271.0
SHL777SJ07U,SHL Soleil de Jeddah EDP 7ml Unboxed,,0.0,0.0,0.0
SHL777SJ07,SHL Soleil de Jeddah 7ml,,0.0,173.0,168.0
SHL777RP07U,SHL Rose de Petra EDP 7ml Unboxed,,0.0,0.0,0.0
SHL777RP07,SHL Rose de Petra EDP 7ml,,0.0,0.0,0.0
SHL777QC07E,SHL QOM Chilom 7ml - Sample,,0.0,2.0,2.0
SHL777QC07,SHL QOM Chilom 7ml,,0.0,1.0,1.0
SHL777PAIR07U,SHL Panthea Iris EDP 7ml Unboxed,,0.0,0.0,0.0
SHL777PAIR07,SHL Panthea Iris EDP 7ml,,0.0,122.0,117.0
SHLSNALWS7MLU,SHL Lady White Snake EDP 7ml Unboxed,,0.0,0.0,0.0
SHL777PA07U,SHL Panthea EDP 7ml - Unboxed,,0.0,0.0,0.0
SHL777PA07,SHL Panthea EDP 7ml,,0.0,14.0,14.0
SHL777OU07U,SHL Oumma EDP 7ml Unboxed,,0.0,0.0,0.0
SHL777OU07,SHL Oumma EDP 7ml,,0.0,100.0,95.0
SHL777O707E,SHL OUD 777 7ml,,0.0,2.0,2.0
SHL777O707,SHL OUD 777 - Parfum Haute Concentration 7ml,,0.0,1.0,1.0
SHL777ND07U,SHL Une Nuit a Doha EDP 7ml Unboxed,,0.0,0.0,0.0
SHL777ND07,SHL Nuit a Doha EDP 7ml,,0.0,26.0,21.0
SHL777KB07U,SHL Khol de Bahrein EDP 7ml Unboxed,,0.0,26.0,26.0
SHL777KB07,SHL Khol de Bahrein EDP 7ml,,0.0,0.0,0.0
SHL777IM07U,SHL Isra & Miraj EDP 7ml Unboxed,,0.0,0.0,0.0
SHL777IM07,SHL Isra & Miraj 7ml,,0.0,86.0,81.0
SHL777HI07U,SHL O'Hira EDP 7ml Unboxed,,0.0,0.0,0.0
SHL777HI07,SHL O'Hira EDP 7ml,,0.0,100.0,95.0
SHL777GW07E,SHL 2022 Generation Woman - 7ml,,0.0,2.0,2.0
SHL777GW07,SHL 2022 Generation Woman - Parfum Haute Concentration 7ml,,0.0,1.0,1.0
SHL777GBO7U,SHL 2022 Generation Black EDP 7ml Unboxed,,0.0,0.0,0.0
SHL777GB07,SHL 2022 Generation Black EDP 7ml,,0.0,69.0,64.0
SHL777BG07U,SHL Black Gemstone EDP 7ml Unboxed,,0.0,0.0,0.0
SHL777BG07,SHL Black Gemstone EDP 7ml,,0.0,89.0,84.0
