Product Code,Description,Inactive,Sales Price,Quantity In Stock,Free Stock
SHLTISSUEWHITE,SHL Tissue (Packs of 50 Sheets) - White Snake Collection,,0.0,69.0,69.0
SHLTISSUE,SHL Tissue (Packs of 50 Sheets),,0.0,28.0,28.0
SHLSNAMOU,SHL Snake Smelling Strips (100),,0.0,1606.0,1585.0
SHLSACWHITE,SHL Shopping Bag Snake - White,,0.0,2797.0,2567.0
SHLMOUWHGOLD,SHL Blotters x 100,,0.0,1138.0,1118.0
SHLMOU-MS,SHL Mouillette - Mortal Skin,,0.0,19.0,19.0
SHLMOU-MS,SHL Mouillette - Mortal Skin,,0.0,19.0,19.0
SHLMA2ML,SHL Manteuse 2ml - Sample,,0.0,11.0,11.0
SHLGIANTCAPOR,SHL Giant Gold Cap,,0.0,152.0,152.0
SHLDISPLAYSJ,SHL Display Soleil de Jeddah Series,,0.0,40.0,35.0
SHL777SAC-777,SHL Sac 777,,0.0,1.0,1.0
SHLCAPOR,SHL Gold Cap,,0.0,0.0,0.0
SHL777COFGF,SHL Coffret Decouvert,,0.0,38.0,38.0
