Product Code,Description,Inactive,Sales Price,Quantity In Stock,Free Stock
SHLWT50T,SHL Wish Come True EDP 50ml - TESTER,,0.0,5.0,0.0
SHLSNAVI50T,SHL Snake Collection Venom Incarnat EDP 50ml - TESTER,,0.0,320.0,303.0
SHLSNASD50T,SHL Snake Collection Sand Dance EDP 50ml - TESTER,,0.0,219.0,202.0
SHLSNARN50T,SHL Snake Collection Ruby Naga EDP 50ml TESTER,,0.0,37.0,37.0
SHLSNAPB50T,SHL Snake Collection Pink Boa EDP 50ml - TESTER,,0.0,115.0,115.0
SHLSNAMS50T,SHL Snake Collection Mortal Skin 50ml - TESTER,,0.0,232.0,213.0
SHLSNALWS50T,SHL Snake Collection Lady White Snake EDP 50ml - TESTER,,0.0,47.0,32.0
SHLSNAGF50T,SHL Snake Collection God of Fire EDP 50ml - TESTER,,0.0,29.0,8.0
SHLSNACOE50T,SHL Snake Collection Crying Of Evil EDP 50ml - TESTER,,0.0,65.0,42.0
SHLMS50T,SHL Mortal Skin EDP 50ml - TESTER,,0.0,0.0,0.0
SHLLU50TSB,SHL Lufu EDP 50ml - TESTER - Without Cap,,0.0,82.0,32.0
SHLHR50T,SHL Harrods 50ml - TESTER,,0.0,20.0,20.0
SHL888SJ100TQ,SHL Soleil de Jeddah EDP 100ml TESTER QUARANTINE,,0.0,0.0,0.0
SHL777TS100T,SHL Un Tango en Siberia EDP - 100ml TESTER,,0.0,0.0,0.0
SHL777TK50TSB,SHL Taklamakan EDP 50ml - TESTER - Without Cap,,0.0,0.0,0.0
SHL777TK50T,SHL Taklamakan EDP 50ml TESTER,,0.0,77.0,57.0
SHL777SJOR50T,SHL Soleil de Jeddah L'Original EDP 50ml - TESTER,,0.0,0.0,0.0
SHL777SJOR100T,SHL Soleil de Jeddah L'Original EDP 100ml - TESTER,,0.0,0.0,0.0
SHL777SJMK50T,SHL Soleil de Jeddah Mango Kiss EDP 50ml - TESTER,,0.0,193.0,174.0
SHL777SJMK100T,SHL Soleil de Jeddah Mango Kiss EDP 100ml - TESTER,,0.0,0.0,0.0
SHL777SJAG50T,SHL Soleil de Jeddah Afterglow EDP 50ml - TESTER,,0.0,130.0,111.0
SHL777SJAG100T,SHL Soleil de Jeddah Afterglow EDP 100ml - TESTER,,0.0,0.0,0.0
SHL777SJ50TQ,SHL Soleil de Jeddah EDP 50ml Tester QUARANTINE,,0.0,16.0,16.0
SHL777SJ50T,SHL Soleil De Jeddah EDP 50ml - TESTER,,0.0,283.0,267.0
SHL777SJ100TSB,SHL Soleil de Jeddah 100ml - TESTER - Without Cap,,0.0,0.0,0.0
SHL777SJ100TQ,SHL Soleil de Jeddah EDP 100ml TESTER QUARANTINE,,0.0,9.0,9.0
SHL777SJ100T,SHL Soleil de Jeddah EDP 100ml - TESTER,,0.0,381.0,358.0
SHL777RP50T,SHL Rose De Petra EDP 50ml TESTER,,0.0,48.0,32.0
SHL777QC50T,SHL QOM Chilom EDP 50ml - TESTER,,0.0,0.0,0.0
SHL777PAIR50TSB,SHL Panthea Iris EDP 50ml - TESTER - Without Cap,,0.0,13.0,13.0
SHL777PAIR50T,SHL Panthea Iris EDP 50ml - TESTER,,0.0,100.0,76.0
SHL777PAIR100T,SHL Panthea Iris 100ml - TESTER,,0.0,0.0,0.0
SHL777PA50T,SHL Panthea EDP 50ml - TESTER,,0.0,169.0,150.0
SHL777OU50T,SHL Oumma EDP 50ml - TESTER - New,,0.0,72.0,64.0
SHL777ND50T,SHL Une Nuit a Doha EDP 50ml - TESTER,,0.0,37.0,20.0
SHL777KB50T,SHL Khol De Bahrein EDP 50ml TESTER,,0.0,52.0,34.0
SHL777IM50TSB,SHL Isra & Miraj EDP 50ml - TESTER - Without Cap,,0.0,0.0,0.0
SHL777IM50T,SHL Isra & Miraj EDP 50ml - TESTER,,0.0,172.0,160.0
SHL777IM100TSB,SHL Isra & Miraj EDP 100ml - TESTER - WithoutCap,,0.0,0.0,0.0
SHL777IM100T,SHL Isra & Miraj EDP 100ml - TESTER,,0.0,5.0,0.0
SHL777HI50TSB/3,SHL O Hira 50ml - TESTER - Without Top - Ancient Falcon,,0.0,0.0,0.0
SHL777HI50T,SHL O Hira EDP 50ml - TESTER,,0.0,44.0,23.0
SHL777GB50T,SHL 2022 Generation Black EDP 50ml - TESTER,,0.0,35.0,16.0
SHL777BG50T,SHL Black Gemstone EDP 50ml - TESTER,,0.0,132.0,113.0
SHL7770750T,oud 777 50ml tester,,0.0,0.0,0.0
